<?xml version="1.0" encoding="UTF-8"?>
<!DOCTYPE dmodule [
<!ENTITY ICN-C0419-S1000D0379-001-01 SYSTEM "ICN-C0419-S1000D0379-001-01.CGM" NDATA cgm>
<!ENTITY ICN-C0419-S1000D0380-001-01 SYSTEM "ICN-C0419-S1000D0380-001-01.CGM" NDATA cgm>
<!ENTITY ICN-C0419-S1000D0381-001-01 SYSTEM "ICN-C0419-S1000D0381-001-01.CGM" NDATA cgm>
<!NOTATION cgm PUBLIC "-//USA-DOD//NOTATION Computer Graphics Metafile//EN">
]>
<dmodule xmlns:dc="http://www.purl.org/dc/elements/1.1/"
         xmlns:rdf="http://www.w3.org/1999/02/22-rdf-syntax-ns#"
         xmlns:xlink="http://www.w3.org/1999/xlink"
         xmlns:xsi="http://www.w3.org/2001/XMLSchema-instance"
         xsi:noNamespaceSchemaLocation="http://www.s1000d.org/S1000D_6/xml_schema_flat/descript.xsd">
   <identAndStatusSection>
      <dmAddress>
         <dmIdent>
            <dmCode modelIdentCode="BRAKE"
                    systemDiffCode="AAA"
                    systemCode="DA1"
                    subSystemCode="0"
                    subSubSystemCode="0"
                    assyCode="00"
                    disassyCode="00"
                    disassyCodeVariant="AA"
                    infoCode="041"
                    infoCodeVariant="A"
                    itemLocationCode="A"/>
            <language countryIsoCode="US" languageIsoCode="en"/>
            <issueInfo issueNumber="004" inWork="00"/>
         </dmIdent>
         <dmAddressItems>
            <issueDate year="2024" month="06" day="19"/>
            <dmTitle>
               <techName>Brake system</techName>
               <infoName>Description of how it is made</infoName>
            </dmTitle>
         </dmAddressItems>
      </dmAddress>
      <dmStatus issueType="status">
         <security securityClassification="01"
                   commercialClassification="cc51"
                   caveat="cv51"/>
         <dataRestrictions>
            <restrictionInstructions>
               <dataDistribution>To be made available to all S1000D users.</dataDistribution>
               <exportControl>
                  <exportRegistrationStmt>
                     <simplePara>Export of this data module to all countries that are the residence of organizations that are users of S1000D is permitted. Storage of this data module is to be at the discretion of the organization.</simplePara>
                  </exportRegistrationStmt>
               </exportControl>
               <dataHandling>There are no specific handling instructions for this data module.</dataHandling>
               <dataDestruction>Users may destroy this data module in accordance with their own local procedures.</dataDestruction>
               <dataDisclosure>There are no dissemination limitations that apply to this data module.</dataDisclosure>
            </restrictionInstructions>
            <restrictionInfo>
               <copyright>
                  <copyrightPara>
                     <emphasis>Copyright (C) 2024</emphasis> by AeroSpace, Security and Defence Industries Association of Europe - ASD</copyrightPara>
                  <copyrightPara>
                     <emphasis>Publishers:</emphasis>
                  </copyrightPara>
                  <copyrightPara>
                     <randomList listItemPrefix="pf01">
                        <listItem>
                           <para>Aerospace, Security and Defence Industries Association of Europe</para>
                        </listItem>
                        <listItem>
                           <para>Aerospace Industries Association of America</para>
                        </listItem>
                        <listItem>
                           <para>ATA e-Business Program</para>
                        </listItem>
                     </randomList>
                  </copyrightPara>
                  <copyrightPara>
                     <emphasis>Limitations of liability:</emphasis>
                  </copyrightPara>
                  <copyrightPara>
                     <randomList listItemPrefix="pf02">
                        <listItem>
                           <para>This material is provided "As is" and neither ASD nor any person who has contributed to the creation, revision or maintenance of the material makes any representations or warranties, express or implied, including but not limited to, warranties of merchantability or fitness for any particular purpose.</para>
                        </listItem>
                        <listItem>
                           <para>Neither ASD nor any person who has contributed to the creation, revision or maintenance of this material shall be liable for any direct, indirect, special or consequential damages or any other liability arising from any use of this material.</para>
                        </listItem>
                        <listItem>
                           <para>Revisions to this document may occur after its issuance. The user is responsible for determining if revisions to the material contained in this document have occurred and are applicable.</para>
                        </listItem>
                     </randomList>
                  </copyrightPara>
                  <copyrightPara>The details for copyright can be found in the S1000D Specification.</copyrightPara>
               </copyright>
               <policyStatement>S1000D-SC-2016-017-002-00 Steering Committee TOR</policyStatement>
               <dataConds>There are no known conditions that would change the data restrictions for, or security classification of, this data module.</dataConds>
            </restrictionInfo>
         </dataRestrictions>
         <responsiblePartnerCompany enterpriseCode="B6865">
            <enterpriseName>AEROSPACE, SECURITY AND DEFENCE INDUSTRIES ASSOCIATION OF EUROPE</enterpriseName>
         </responsiblePartnerCompany>
         <originator enterpriseCode="B6865">
            <enterpriseName>AEROSPACE, SECURITY AND DEFENCE INDUSTRIES ASSOCIATION OF EUROPE</enterpriseName>
         </originator>
         <applicCrossRefTableRef>
            <dmRef>
               <dmRefIdent>
                  <dmCode modelIdentCode="BRAKE"
                          systemDiffCode="AAA"
                          systemCode="D00"
                          subSystemCode="0"
                          subSubSystemCode="0"
                          assyCode="00"
                          disassyCode="00"
                          disassyCodeVariant="AA"
                          infoCode="00W"
                          infoCodeVariant="A"
                          itemLocationCode="D"/>
               </dmRefIdent>
            </dmRef>
         </applicCrossRefTableRef>
         <applic>
            <evaluate andOr="and">
               <assert applicPropertyIdent="SerialNo"
                       applicPropertyType="prodattr"
                       applicPropertyValues="0001~0008"/>
               <assert applicPropertyIdent="model"
                       applicPropertyType="prodattr"
                       applicPropertyValues="BR01"/>
            </evaluate>
         </applic>
         <techStandard>
            <authorityInfoAndTp>
               <authorityInfo>20010131</authorityInfo>
               <techPubBase>Bike book</techPubBase>
            </authorityInfoAndTp>
            <authorityExceptions/>
            <authorityNotes/>
         </techStandard>
         <brexDmRef>
            <dmRef>
               <dmRefIdent>
                  <dmCode modelIdentCode="S1000DBIKE"
                          systemDiffCode="AAA"
                          systemCode="D00"
                          subSystemCode="0"
                          subSubSystemCode="0"
                          assyCode="00"
                          disassyCode="00"
                          disassyCodeVariant="AA"
                          infoCode="022"
                          infoCodeVariant="A"
                          itemLocationCode="D"/>
               </dmRefIdent>
            </dmRef>
         </brexDmRef>
         <qualityAssurance>
            <firstVerification verificationType="tabtop"/>
         </qualityAssurance>
         <systemBreakdownCode>BY13</systemBreakdownCode>
         <skillLevel skillLevelCode="sk01"/>
         <reasonForUpdate id="rfu_general" updateReasonType="urt03">
            <simplePara>S1000D upissued</simplePara>
         </reasonForUpdate>
         <reasonForUpdate id="RFU-CPF_2020-040EPWG" updateReasonType="urt01">
            <simplePara>CPF_2020-040EPWG Bike Enhancement with elements and attributes missing in the samples</simplePara>
         </reasonForUpdate>
      </dmStatus>
   </identAndStatusSection>
   <content>
      <description>
         <levelledPara>
            <title>Brake system</title>
            <!-- EPWG add indexFlag --><para>The most important part of the bicycle<indexFlag indexLevelOne="bicycle"/> is the brake system<indexFlag indexLevelTwo="brake system"/>. Only a minimum maintenance of the brake system is necessary. But, when a problem does occur, make sure you to do the necessary maintenance as quickly as possible. If you do not do this the bicycle<indexFlag indexLevelOne="bicycle"/> will be dangerous to use.</para>
            <para id="SPEC-0002">There are nine different types of brake systems. The one found on most bicycles is the cantilever<indexFlag indexLevelFour="cantilever"/>brake<indexFlag indexLevelThree="brake"/> (refer to <internalRef internalRefId="par-0001" internalRefTargetType="irtt07"/>).</para>
            <!-- EPWG end add indexFlag --><levelledPara id="par-0001">
               <title>Cantilever brake</title>
               <para>The brake system (refer to <internalRef internalRefId="fig-0001" internalRefTargetType="irtt01"/>) has these primary components: <randomList listItemPrefix="pf01">
                     <listItem>
                        <para>the brake lever (refer to <internalRef internalRefId="par-0003" internalRefTargetType="irtt07"/>)</para>
                     </listItem>
                     <listItem>
                        <para>the brake cable</para>
                     </listItem>
                     <listItem>
                        <para>the brake arm</para>
                     </listItem>
                     <listItem>
                        <para>the brake clamp (also known as callipers)</para>
                     </listItem>
                     <listItem>
                        <para>the brake pads (refer to <internalRef internalRefId="par-0002" internalRefTargetType="irtt07"/>)</para>
                     </listItem>
                  </randomList>
               </para>
               <figure id="fig-0001">
                  <title>Cantilever brake with straddle cable</title>
                  <graphic infoEntityIdent="ICN-C0419-S1000D0379-001-01"/>
               </figure>
               <para>A cable that goes from the brake levers on the handlebars pulls the two levers on the brakes together. This presses the brake pads against the outer rim of the wheel, which decreases the speed of the bicycle.</para>
            </levelledPara>
            <levelledPara id="par-0002">
               <title>Brake pads</title>
               <para>There are four brake pads (refer to <internalRef internalRefId="fig-0002" internalRefTargetType="irtt01"/>) on the bicycle. Two are found on the front wheel and two on the rear wheel. The brake pads are made out of hard wearing rubber. The pads press against the rim of the wheel to cause friction when the you operate the brake levers.</para>
               <figure id="fig-0002">
                  <title>Exploded diagram of a brake</title>
                  <graphic infoEntityIdent="ICN-C0419-S1000D0380-001-01"/>
               </figure>
            </levelledPara>
            <levelledPara id="par-0003">
               <title>Brake lever</title>
               <para>The brake levers (refer to <internalRef internalRefId="fig-0003" internalRefTargetType="irtt01"/>) are easily damaged. The lever is installed in the mount. A clamp bolt holds the mount. This bolt is not visible because it is found in the mount. The lever turns on a lever pivot bolt. The adjuster lock nut holds the brake cable. This lock nut adjusts the tension of the cable.</para>
               <figure id="fig-0003">
                  <title>Typical components of a mountain bicycle lever</title>
                  <graphic infoEntityIdent="ICN-C0419-S1000D0381-001-01"/>
               </figure>
               <para>The left brake lever holds the brake pads on the front wheel and the right brake pads hold the brakes on the rear wheel.</para>
            </levelledPara>
         </levelledPara>
      </description>
   </content>
</dmodule>
